{
  "method": "RepeatedRandomSplits",
  "repeats": 10,
  "test_size": 0.2,
  "mse_mean": 6076.571139319031,
  "mse_std": 269.28539409555617,
  "mae_mean": 55.67776593858597,
  "mae_std": 0.7012699544803751,
  "r2_mean": 0.3067796974311839,
  "r2_std": 0.011180970351366032
}