{
  "method": "SingleTrainTest",
  "test_size": 0.2,
  "mse": 5733.524049233245,
  "mae": 54.996912707182894,
  "r2": 0.32229197835664813
}