{
  "method": "KFold",
  "n_splits": 10,
  "accuracy_mean": 0.7720608339029391,
  "accuracy_std": 0.06268693756881784,
  "log_loss": 0.48862974079591104,
  "roc_auc": 0.8270373134328358,
  "confusion_matrix": [
    [
      437,
      63
    ],
    [
      112,
      156
    ]
  ],
  "classification_report": {
    "0": {
      "precision": 0.7959927140255009,
      "recall": 0.874,
      "f1-score": 0.8331744518589133,
      "support": 500.0
    },
    "1": {
      "precision": 0.7123287671232876,
      "recall": 0.582089552238806,
      "f1-score": 0.6406570841889117,
      "support": 268.0
    },
    "accuracy": 0.7721354166666666,
    "macro avg": {
      "precision": 0.7541607405743942,
      "recall": 0.728044776119403,
      "f1-score": 0.7369157680239125,
      "support": 768.0
    },
    "weighted avg": {
      "precision": 0.766797482554416,
      "recall": 0.7721354166666666,
      "f1-score": 0.765993912099069,
      "support": 768.0
    }
  }
}