{
  "method": "LOOCV",
  "n_splits": 768,
  "accuracy_mean": 0.7760416666666666,
  "accuracy_std": 0.4168944689773287,
  "log_loss": 0.4843370662852305,
  "roc_auc": 0.8300223880597016,
  "confusion_matrix": [
    [
      443,
      57
    ],
    [
      115,
      153
    ]
  ],
  "classification_report": {
    "0": {
      "precision": 0.7939068100358423,
      "recall": 0.886,
      "f1-score": 0.8374291115311909,
      "support": 500.0
    },
    "1": {
      "precision": 0.7285714285714285,
      "recall": 0.5708955223880597,
      "f1-score": 0.6401673640167364,
      "support": 268.0
    },
    "accuracy": 0.7760416666666666,
    "macro avg": {
      "precision": 0.7612391193036354,
      "recall": 0.7284477611940299,
      "f1-score": 0.7387982377739637,
      "support": 768.0
    },
    "weighted avg": {
      "precision": 0.7711074842123229,
      "recall": 0.7760416666666666,
      "f1-score": 0.7685929808881261,
      "support": 768.0
    }
  }
}